license_plate_text,speed_kmh
CI51WSU,72.13837509435922
MT51VSU,48.43535806927795
GX15OCJ,112.86843756433024
GY15OCJ,101.69018254544324
AP05JEQ,53.04291742208638
