license_plate_text,speed_kmh
PB11060J0g,105.60303025955268
PBL106O20g,38.58756276314948
