license_plate_text,speed_kmh
PB11060J0g,105.60303025955268
311060300,52.15361924162119
311060300,9.0
PBL106O20g,38.58756276314948
PB110GODO,7.615773105863909
PBL 1DGOID,13.341664064126334
PBINDGOL,7.0710678118654755
PBLIDGOC,6.0
V,39.11521443121589
PBWDGOL,12.083045973594572
